{
  "properties": {
    "activities": [
      {
        "type": "ExecutePipeline",
        "typeProperties": {
          "pipeline": {
            "referenceName": "18e19d52-b2ba-4fe5-86c4-114623aa8905",
            "type": "PipelineReference"
          },
          "parameters": {},
          "waitOnCompletion": true
        },
        "policy": {
          "secureInput": false
        },
        "name": "Get data from API",
        "dependsOn": [
          {
            "activity": "Set Dynamic File path for Year folder",
            "dependencyConditions": [
              "Succeeded"
            ]
          }
        ]
      },
      {
        "type": "TridentNotebook",
        "typeProperties": {
          "notebookId": "f768eef9-9be2-4554-bd1e-cd7d573483fb",
          "workspaceId": "00000000-0000-0000-0000-000000000000",
          "parameters": {
            "PM_file_path": {
              "value": {
                "value": "@variables('PM_file_path')",
                "type": "Expression"
              },
              "type": "string"
            }
          }
        },
        "policy": {
          "timeout": "0.12:00:00",
          "retry": 0,
          "retryIntervalInSeconds": 30,
          "secureInput": false,
          "secureOutput": false
        },
        "name": "Clean and tranform data",
        "dependsOn": [
          {
            "activity": "Get data from API",
            "dependencyConditions": [
              "Succeeded"
            ]
          }
        ]
      },
      {
        "type": "SetVariable",
        "typeProperties": {
          "variableName": "PM_file_path",
          "value": {
            "value": "@concat(formatDateTime(utcNow(), 'yyyy'), '/', formatDateTime(utcNow(), 'MM'), '/', formatDateTime(utcNow(), 'dd'), '/')",
            "type": "Expression"
          }
        },
        "policy": {
          "secureInput": false,
          "secureOutput": false
        },
        "name": "Set Dynamic File Path",
        "state": "Inactive",
        "onInactiveMarkAs": "Succeeded",
        "dependsOn": []
      },
      {
        "type": "SetVariable",
        "typeProperties": {
          "variableName": "PM_file_path",
          "value": {
            "value": "@concat(formatDateTime(utcNow(), 'yyyy'), '/')",
            "type": "Expression"
          }
        },
        "policy": {
          "secureInput": false,
          "secureOutput": false
        },
        "name": "Set Dynamic File path for Year folder",
        "dependsOn": []
      }
    ],
    "variables": {
      "PM_file_path": {
        "type": "String",
        "defaultValue": "@concat(formatDateTime(utcNow(), 'yyyy'), '/', formatDateTime(utcNow(), 'MM'), '/', formatDateTime(utcNow(), 'dd'), '/')"
      }
    }
  }
}