{
  "properties": {
    "activities": [
      {
        "type": "Copy",
        "typeProperties": {
          "source": {
            "type": "RestSource",
            "requestMethod": "GET",
            "paginationRules": {
              "supportRFC5988": "true"
            },
            "httpRequestTimeout": "00:01:40",
            "requestInterval": "00.00:00:00.010",
            "datasetSettings": {
              "type": "RestResource",
              "typeProperties": {
                "relativeUrl": {
                  "value": "@concat('/data/2.5/weather?lat=',pipeline().parameters.latitude,'&lon=',pipeline().parameters.longitude,'&appid=',pipeline().parameters.API_key)",
                  "type": "Expression"
                }
              },
              "schema": [],
              "externalReferences": {
                "connection": "fc068fcf-adf7-47e1-ad19-0e3cd71e7b8a"
              },
              "annotations": []
            }
          },
          "sink": {
            "type": "JsonSink",
            "storeSettings": {
              "type": "LakehouseWriteSettings"
            },
            "formatSettings": {
              "type": "JsonWriteSettings"
            },
            "datasetSettings": {
              "type": "Json",
              "typeProperties": {
                "location": {
                  "type": "LakehouseLocation",
                  "folderPath": {
                    "value": "@variables('PM_file_path')",
                    "type": "Expression"
                  },
                  "fileName": {
                    "value": "@concat(formatDateTime(utcNow(), 'yyyy'), formatDateTime(utcNow(), 'MM'), formatDateTime(utcNow(), 'dd'), 'weather.json')",
                    "type": "Expression"
                  }
                }
              },
              "schema": {},
              "linkedService": {
                "properties": {
                  "type": "Lakehouse",
                  "typeProperties": {
                    "artifactId": "93567eb2-9dd4-4e14-aa79-031d69a5f6d3",
                    "workspaceId": "00000000-0000-0000-0000-000000000000",
                    "rootFolder": "Files"
                  },
                  "annotations": []
                },
                "name": "LH_WeatherData"
              },
              "annotations": []
            }
          },
          "enableStaging": false
        },
        "policy": {
          "timeout": "0.12:00:00",
          "retry": 0,
          "retryIntervalInSeconds": 30,
          "secureInput": false,
          "secureOutput": false
        },
        "name": "Extract data via API",
        "dependsOn": []
      },
      {
        "type": "Copy",
        "typeProperties": {
          "source": {
            "type": "RestSource",
            "requestMethod": "GET",
            "paginationRules": {
              "supportRFC5988": "true"
            },
            "httpRequestTimeout": "00:01:40",
            "requestInterval": "00.00:00:00.010",
            "datasetSettings": {
              "type": "RestResource",
              "typeProperties": {
                "relativeUrl": {
                  "value": "@concat('/data/2.5/weather?lat=',pipeline().parameters.latitude,'&lon=',pipeline().parameters.longitude,'&appid=',pipeline().parameters.API_key)",
                  "type": "Expression"
                }
              },
              "schema": [],
              "externalReferences": {
                "connection": "fc068fcf-adf7-47e1-ad19-0e3cd71e7b8a"
              },
              "annotations": []
            }
          },
          "sink": {
            "type": "JsonSink",
            "storeSettings": {
              "type": "LakehouseWriteSettings"
            },
            "formatSettings": {
              "type": "JsonWriteSettings"
            },
            "datasetSettings": {
              "type": "Json",
              "typeProperties": {
                "location": {
                  "type": "LakehouseLocation",
                  "folderPath": {
                    "value": "@concat(formatDateTime(utcNow(), 'yyyy'), '/')",
                    "type": "Expression"
                  },
                  "fileName": {
                    "value": "@concat(formatDateTime(utcNow(), 'yyyy'), formatDateTime(utcNow(), 'MM'), formatDateTime(utcNow(), 'dd'), 'weather.json')",
                    "type": "Expression"
                  }
                }
              },
              "schema": {},
              "linkedService": {
                "properties": {
                  "type": "Lakehouse",
                  "typeProperties": {
                    "artifactId": "93567eb2-9dd4-4e14-aa79-031d69a5f6d3",
                    "workspaceId": "00000000-0000-0000-0000-000000000000",
                    "rootFolder": "Files"
                  },
                  "annotations": []
                },
                "name": "LH_WeatherData"
              },
              "annotations": []
            }
          },
          "enableStaging": false
        },
        "policy": {
          "timeout": "0.12:00:00",
          "retry": 0,
          "retryIntervalInSeconds": 30,
          "secureInput": false,
          "secureOutput": false
        },
        "name": "Extract data via API to year folder",
        "dependsOn": [
          {
            "activity": "Extract data via API",
            "dependencyConditions": [
              "Succeeded"
            ]
          }
        ]
      }
    ],
    "parameters": {
      "latitude": {
        "type": "string",
        "defaultValue": "50.97"
      },
      "longitude": {
        "type": "string",
        "defaultValue": "5.5"
      },
      "API_key": {
        "type": "string",
        "defaultValue": "f5d8e88aff97a9b94eeb816b5b48314e"
      }
    },
    "variables": {
      "PM_file_path": {
        "type": "String"
      }
    }
  }
}